{"cameraMode":{"drawMode":0,"name":"Shaded","section":"Shading Mode"},"sceneLighting":false,"audioPlay":false,"sceneViewState":{"m_AlwaysRefresh":false,"showFog":true,"showSkybox":false,"showFlares":true,"showImageEffects":true,"showParticleSystems":true,"showVisualEffectGraphs":true,"m_FxEnabled":true},"in2DMode":false,"pivot":{"x":469.8423156738281,"y":342.9940185546875,"z":-146.64923095703126},"rotation":{"x":-0.01949859969317913,"y":-0.0038976315408945085,"z":-0.00007598564843647182,"w":0.9998030662536621},"size":336.1534729003906,"orthographic":false}