{"cameraMode":{"drawMode":0,"name":"Shaded","section":"Shading Mode"},"sceneLighting":false,"audioPlay":false,"sceneViewState":{"m_AlwaysRefresh":false,"showFog":true,"showSkybox":false,"showFlares":true,"showImageEffects":true,"showParticleSystems":true,"showVisualEffectGraphs":true,"m_FxEnabled":true},"in2DMode":false,"pivot":{"x":1549.3902587890625,"y":1088.9482421875,"z":-16.406402587890626},"rotation":{"x":0.09135909378528595,"y":0.01702934131026268,"z":-0.0015625800006091595,"w":0.9956707954406738},"size":3711.576904296875,"orthographic":false}