{"cameraMode":{"drawMode":0,"name":"Shaded","section":"Shading Mode"},"sceneLighting":false,"audioPlay":false,"sceneViewState":{"m_AlwaysRefresh":false,"showFog":true,"showSkybox":false,"showFlares":true,"showImageEffects":true,"showParticleSystems":true,"showVisualEffectGraphs":true,"m_FxEnabled":true},"in2DMode":false,"pivot":{"x":546.3377075195313,"y":278.6492614746094,"z":-3.3294677734375},"rotation":{"x":0.0014999627601355315,"y":0.009601470082998276,"z":-0.00001437478931620717,"w":0.9999527335166931},"size":312.6202697753906,"orthographic":true}