{"cameraMode":{"drawMode":0,"name":"Shaded","section":"Shading Mode"},"sceneLighting":false,"audioPlay":false,"sceneViewState":{"m_AlwaysRefresh":false,"showFog":true,"showSkybox":false,"showFlares":true,"showImageEffects":true,"showParticleSystems":true,"showVisualEffectGraphs":true,"m_FxEnabled":true},"in2DMode":false,"pivot":{"x":733.58837890625,"y":257.9150695800781,"z":-141.2711181640625},"rotation":{"x":-0.01949859969317913,"y":-0.0038976315408945085,"z":-0.00007598564843647182,"w":0.9998030662536621},"size":247.01515197753907,"orthographic":false}