{"cameraMode":{"drawMode":0,"name":"Shaded","section":"Shading Mode"},"sceneLighting":false,"audioPlay":false,"sceneViewState":{"m_AlwaysRefresh":true,"showFog":true,"showSkybox":false,"showFlares":true,"showImageEffects":true,"showParticleSystems":true,"showVisualEffectGraphs":true,"m_FxEnabled":false},"in2DMode":false,"pivot":{"x":379.9871520996094,"y":12.411998748779297,"z":167.86981201171876},"rotation":{"x":0.05811382085084915,"y":-0.5801302790641785,"z":0.04072868824005127,"w":0.8119037747383118},"size":1.054282784461975,"orthographic":true}