{"cameraMode":{"drawMode":0,"name":"Shaded","section":"Shading Mode"},"sceneLighting":false,"audioPlay":false,"sceneViewState":{"m_AlwaysRefresh":true,"showFog":true,"showSkybox":false,"showFlares":true,"showImageEffects":true,"showParticleSystems":true,"showVisualEffectGraphs":true,"m_FxEnabled":false},"in2DMode":false,"pivot":{"x":374.05999755859377,"y":12.640000343322754,"z":181.85000610351563},"rotation":{"x":-0.0023783911019563677,"y":-0.9969586133956909,"z":0.06493908911943436,"w":-0.05184385925531387},"size":4.372506141662598,"orthographic":true}