{"cameraMode":{"drawMode":0,"name":"Shaded","section":"Shading Mode"},"sceneLighting":false,"audioPlay":false,"sceneViewState":{"m_AlwaysRefresh":true,"showFog":true,"showSkybox":false,"showFlares":true,"showImageEffects":true,"showParticleSystems":true,"showVisualEffectGraphs":true,"m_FxEnabled":false},"in2DMode":false,"pivot":{"x":6.595361709594727,"y":-0.48235321044921877,"z":-5.745311737060547},"rotation":{"x":0.0008968521142378449,"y":-0.061874158680438998,"z":0.00006185290840221569,"w":0.9981950521469116},"size":8.43657398223877,"orthographic":true}