{"cameraMode":{"drawMode":0,"name":"Shaded","section":"Shading Mode"},"sceneLighting":false,"audioPlay":false,"sceneViewState":{"m_AlwaysRefresh":true,"showFog":true,"showSkybox":false,"showFlares":true,"showImageEffects":true,"showParticleSystems":true,"showVisualEffectGraphs":true,"m_FxEnabled":false},"in2DMode":false,"pivot":{"x":17.30777931213379,"y":1.3867480754852296,"z":-23.478487014770509},"rotation":{"x":0.005995320156216621,"y":0.49439892172813418,"z":-0.0034147275146096946,"w":0.8693363070487976},"size":8.43657398223877,"orthographic":true}