{"cameraMode":{"drawMode":0,"name":"Shaded","section":"Shading Mode"},"sceneLighting":false,"audioPlay":false,"sceneViewState":{"m_AlwaysRefresh":true,"showFog":true,"showSkybox":false,"showFlares":true,"showImageEffects":true,"showParticleSystems":true,"showVisualEffectGraphs":true,"m_FxEnabled":false},"in2DMode":false,"pivot":{"x":-5.036879539489746,"y":2.3615856170654299,"z":-9.832990646362305},"rotation":{"x":0.002396626630797982,"y":0.044583551585674289,"z":-0.00011016481585102156,"w":0.9991151690483093},"size":11.661199569702149,"orthographic":true}