{"cameraMode":{"drawMode":0,"name":"Shaded","section":"Shading Mode"},"sceneLighting":true,"audioPlay":false,"sceneViewState":{"m_AlwaysRefresh":false,"showFog":true,"showSkybox":true,"showFlares":true,"showImageEffects":true,"showParticleSystems":true,"showVisualEffectGraphs":true,"m_FxEnabled":true},"in2DMode":false,"pivot":{"x":374.1733703613281,"y":11.99884033203125,"z":177.31541442871095},"rotation":{"x":0.20972174406051637,"y":0.08494430035352707,"z":-0.018294764682650567,"w":0.9739091396331787},"size":38.25620651245117,"orthographic":true}