{"cameraMode":{"drawMode":0,"name":"Shaded","section":"Shading Mode"},"sceneLighting":true,"audioPlay":false,"sceneViewState":{"m_AlwaysRefresh":true,"showFog":true,"showSkybox":true,"showFlares":true,"showImageEffects":true,"showParticleSystems":true,"showVisualEffectGraphs":true,"m_FxEnabled":false},"in2DMode":false,"pivot":{"x":380.2384948730469,"y":12.990823745727539,"z":180.28713989257813},"rotation":{"x":-0.01877453178167343,"y":0.11325651407241821,"z":-0.002240270609036088,"w":-0.993502676486969},"size":1.9908941984176636,"orthographic":true}