{"cameraMode":{"drawMode":0,"name":"Shaded","section":"Shading Mode"},"sceneLighting":true,"audioPlay":false,"sceneViewState":{"m_AlwaysRefresh":false,"showFog":true,"showSkybox":true,"showFlares":true,"showImageEffects":true,"showParticleSystems":true,"showVisualEffectGraphs":true,"m_FxEnabled":true},"in2DMode":false,"pivot":{"x":175.5399932861328,"y":11.960000038146973,"z":186.07000732421876},"rotation":{"x":0.04738055542111397,"y":0.008044569753110409,"z":-0.00043003971222788095,"w":0.9988696575164795},"size":7.590391159057617,"orthographic":false}