{"cameraMode":{"drawMode":0,"name":"Shaded","section":"Shading Mode"},"sceneLighting":true,"audioPlay":false,"sceneViewState":{"m_AlwaysRefresh":true,"showFog":true,"showSkybox":true,"showFlares":true,"showImageEffects":true,"showParticleSystems":true,"showVisualEffectGraphs":true,"m_FxEnabled":false},"in2DMode":false,"pivot":{"x":397.43084716796877,"y":-0.5475082397460938,"z":178.1903076171875},"rotation":{"x":-0.11441642791032791,"y":0.0650300681591034,"z":-0.007570475339889526,"w":-0.9913874864578247},"size":15.015759468078614,"orthographic":true}