{"cameraMode":{"drawMode":0,"name":"Shaded","section":"Shading Mode"},"sceneLighting":true,"audioPlay":false,"sceneViewState":{"m_AlwaysRefresh":true,"showFog":true,"showSkybox":true,"showFlares":true,"showImageEffects":true,"showParticleSystems":true,"showVisualEffectGraphs":true,"m_FxEnabled":false},"in2DMode":false,"pivot":{"x":374.05999755859377,"y":12.479999542236329,"z":181.85000610351563},"rotation":{"x":-0.20146752893924714,"y":0.7993982434272766,"z":-0.3862035274505615,"w":-0.41480427980422976},"size":15.10335922241211,"orthographic":true}