{"cameraMode":{"drawMode":0,"name":"Shaded","section":"Shading Mode"},"sceneLighting":true,"audioPlay":false,"sceneViewState":{"m_AlwaysRefresh":false,"showFog":true,"showSkybox":true,"showFlares":true,"showImageEffects":true,"showParticleSystems":true,"showVisualEffectGraphs":true,"m_FxEnabled":true},"in2DMode":false,"pivot":{"x":379.8254699707031,"y":17.034181594848634,"z":171.9019775390625},"rotation":{"x":0.10816799849271774,"y":-0.35548165440559389,"z":0.04146484285593033,"w":0.9275030493736267},"size":25.56865692138672,"orthographic":true}