{"cameraMode":{"drawMode":0,"name":"Shaded","section":"Shading Mode"},"sceneLighting":true,"audioPlay":false,"sceneViewState":{"m_AlwaysRefresh":true,"showFog":true,"showSkybox":true,"showFlares":true,"showImageEffects":true,"showParticleSystems":true,"showVisualEffectGraphs":true,"m_FxEnabled":false},"in2DMode":false,"pivot":{"x":328.7232971191406,"y":8.321154594421387,"z":72.21488189697266},"rotation":{"x":-0.31886160373687746,"y":-0.04460330680012703,"z":0.015062985941767693,"w":-0.9466484785079956},"size":11.191607475280762,"orthographic":false}