{"cameraMode":{"drawMode":0,"name":"Shaded","section":"Shading Mode"},"sceneLighting":true,"audioPlay":false,"sceneViewState":{"m_AlwaysRefresh":true,"showFog":true,"showSkybox":true,"showFlares":true,"showImageEffects":true,"showParticleSystems":true,"showVisualEffectGraphs":true,"m_FxEnabled":false},"in2DMode":false,"pivot":{"x":17.528236389160158,"y":-3.1772875785827638,"z":-22.573177337646486},"rotation":{"x":-0.022861192002892495,"y":0.660880982875824,"z":0.02034188061952591,"w":0.7500578165054321},"size":11.077498435974121,"orthographic":true}