{"cameraMode":{"drawMode":0,"name":"Shaded","section":"Shading Mode"},"sceneLighting":true,"audioPlay":false,"sceneViewState":{"m_AlwaysRefresh":false,"showFog":true,"showSkybox":true,"showFlares":true,"showImageEffects":true,"showParticleSystems":true,"showVisualEffectGraphs":true,"m_FxEnabled":true},"in2DMode":false,"pivot":{"x":1118.0948486328125,"y":335.80474853515627,"z":335.92205810546877},"rotation":{"x":0.023363616317510606,"y":0.05246204137802124,"z":-0.0012273144675418735,"w":0.9983579516410828},"size":575.45361328125,"orthographic":false}