{"cameraMode":{"drawMode":0,"name":"Shaded","section":"Shading Mode"},"sceneLighting":true,"audioPlay":false,"sceneViewState":{"m_AlwaysRefresh":false,"showFog":true,"showSkybox":true,"showFlares":true,"showImageEffects":true,"showParticleSystems":true,"showVisualEffectGraphs":true,"m_FxEnabled":true},"in2DMode":false,"pivot":{"x":374.4226379394531,"y":10.18392276763916,"z":180.2232208251953},"rotation":{"x":0.23340637981891633,"y":-0.08011430501937866,"z":0.019299590960144998,"w":0.9688844084739685},"size":7.524589538574219,"orthographic":false}