{"cameraMode":{"drawMode":0,"name":"Shaded","section":"Shading Mode"},"sceneLighting":false,"audioPlay":false,"sceneViewState":{"m_AlwaysRefresh":false,"showFog":true,"showSkybox":false,"showFlares":true,"showImageEffects":true,"showParticleSystems":true,"showVisualEffectGraphs":true,"m_FxEnabled":true},"in2DMode":false,"pivot":{"x":738.878662109375,"y":212.61428833007813,"z":-99.6917724609375},"rotation":{"x":0.05786522105336189,"y":-0.004492174834012985,"z":0.00026155999512411654,"w":0.9983212947845459},"size":362.9800720214844,"orthographic":false}