{"cameraMode":{"drawMode":0,"name":"Shaded","section":"Shading Mode"},"sceneLighting":false,"audioPlay":false,"sceneViewState":{"m_AlwaysRefresh":false,"showFog":true,"showSkybox":false,"showFlares":true,"showImageEffects":true,"showParticleSystems":true,"showVisualEffectGraphs":true,"m_FxEnabled":true},"in2DMode":false,"pivot":{"x":431.5733642578125,"y":11.986211776733399,"z":177.28695678710938},"rotation":{"x":0.00018212995200883597,"y":-0.995356023311615,"z":0.09645341336727143,"w":0.001787625951692462},"size":4.270782470703125,"orthographic":true}