{"cameraMode":{"drawMode":0,"name":"Shaded","section":"Shading Mode"},"sceneLighting":false,"audioPlay":false,"sceneViewState":{"m_AlwaysRefresh":false,"showFog":true,"showSkybox":false,"showFlares":true,"showImageEffects":true,"showParticleSystems":true,"showVisualEffectGraphs":true,"m_FxEnabled":true},"in2DMode":false,"pivot":{"x":3.2323122024536135,"y":0.7510635852813721,"z":-3.1908950805664064},"rotation":{"x":0.02234787493944168,"y":0.9047265648841858,"z":-0.04782145842909813,"w":0.4227428734302521},"size":6.664831161499023,"orthographic":false}