{"cameraMode":{"drawMode":0,"name":"Shaded","section":"Shading Mode"},"sceneLighting":false,"audioPlay":false,"sceneViewState":{"m_AlwaysRefresh":true,"showFog":true,"showSkybox":false,"showFlares":true,"showImageEffects":true,"showParticleSystems":true,"showVisualEffectGraphs":true,"m_FxEnabled":false},"in2DMode":false,"pivot":{"x":0.08080005645751953,"y":0.25619983673095705,"z":-0.08057403564453125},"rotation":{"x":-0.17462167143821717,"y":-0.14286161959171296,"z":0.026629740372300149,"w":-0.9742838740348816},"size":1.2700589895248414,"orthographic":true}