{"cameraMode":{"drawMode":0,"name":"Shaded","section":"Shading Mode"},"sceneLighting":false,"audioPlay":false,"sceneViewState":{"m_AlwaysRefresh":true,"showFog":true,"showSkybox":false,"showFlares":true,"showImageEffects":true,"showParticleSystems":true,"showVisualEffectGraphs":true,"m_FxEnabled":false},"in2DMode":false,"pivot":{"x":3.869999885559082,"y":-0.4020172357559204,"z":-4.600000381469727},"rotation":{"x":0.006668434012681246,"y":0.27473896741867068,"z":-0.001776230987161398,"w":0.9616442918777466},"size":1.599267840385437,"orthographic":true}