{"cameraMode":{"drawMode":0,"name":"Shaded","section":"Shading Mode"},"sceneLighting":false,"audioPlay":false,"sceneViewState":{"m_AlwaysRefresh":false,"showFog":true,"showSkybox":false,"showFlares":true,"showImageEffects":true,"showParticleSystems":true,"showVisualEffectGraphs":true,"m_FxEnabled":true},"in2DMode":false,"pivot":{"x":-70.86459350585938,"y":3.2240142822265627,"z":18.54647445678711},"rotation":{"x":-0.013317272067070008,"y":-0.9762148857116699,"z":0.20715609192848206,"w":-0.06276362389326096},"size":124.6360855102539,"orthographic":true}